{"cameraMode":{"drawMode":0,"name":"Shaded","section":"Shading Mode"},"sceneLighting":true,"audioPlay":false,"sceneViewState":{"showFog":true,"showMaterialUpdate":false,"showSkybox":true,"showFlares":true,"showImageEffects":true,"showParticleSystems":true},"in2DMode":false,"pivot":{"x":0.70975661277771,"y":-4.74582576751709,"z":4.783186912536621},"rotation":{"x":0.002269418677315116,"y":-0.8956858515739441,"z":0.4446706771850586,"w":0.004575233906507492},"size":10.44352912902832,"orthographic":false}