{"cameraMode":{"drawMode":0,"name":"Shaded","section":"Shading Mode"},"sceneLighting":false,"audioPlay":false,"sceneViewState":{"showFog":true,"showMaterialUpdate":true,"showSkybox":true,"showFlares":true,"showImageEffects":true,"showParticleSystems":true},"in2DMode":false,"pivot":{"x":-5.899387359619141,"y":212.34701538085938,"z":114.16958618164063},"rotation":{"x":0.33482450246810915,"y":0.06664706021547318,"z":-0.023747242987155916,"w":0.9396249055862427},"size":248.0467987060547,"orthographic":false}