{"cameraMode":{"drawMode":0,"name":"Shaded","section":"Shading Mode"},"sceneLighting":true,"audioPlay":false,"sceneViewState":{"showFog":true,"showMaterialUpdate":true,"showSkybox":true,"showFlares":true,"showImageEffects":true,"showParticleSystems":true},"in2DMode":false,"pivot":{"x":2.8487815856933595,"y":0.26990699768066409,"z":11.160348892211914},"rotation":{"x":-0.24663670361042024,"y":0.6966568231582642,"z":-0.2805258333683014,"w":-0.6124954223632813},"size":3.0408525466918947,"orthographic":false}