{"cameraMode":{"drawMode":0,"name":"Shaded","section":"Shading Mode"},"sceneLighting":true,"audioPlay":false,"sceneViewState":{"showFog":true,"showMaterialUpdate":false,"showSkybox":true,"showFlares":true,"showImageEffects":true,"showParticleSystems":true},"in2DMode":false,"pivot":{"x":0.5535709857940674,"y":-0.10716438293457031,"z":-1.1042895317077637},"rotation":{"x":-0.693863034248352,"y":0.0015286878915503622,"z":-0.0014316878514364362,"w":-0.7201499342918396},"size":11.028661727905274,"orthographic":false}